0.000000000000000000e+00,-8.540643438496244855e+00,3.221058735139268947e+01,1.854019424458102066e-03,4.295217546673560705e+00,-5.010130639499868366e+00,-1.854019424458102066e-03
1.000000000000000000e+00,-1.110541243737169737e+01,-3.394090396918821995e+01,1.616963832166632385e-03,-1.004420163028520996e+00,6.649016664147781697e+00,-1.616963832166632385e-03
2.000000000000000000e+00,4.930851653805074619e+00,-3.581348918289831573e+01,9.257154268295824870e-03,-1.157811682638364426e+00,6.710140505075099071e+00,-9.257154268295824870e-03
3.000000000000000000e+00,3.483038792909401593e+01,5.507800008735908470e+00,7.623673291895307486e-03,-6.379837716461429054e+00,2.120612799670997806e+00,-7.623673291895307486e-03
4.000000000000000000e+00,-9.544496618629050744e+00,3.713918657905080778e+01,1.142425270231366445e-03,3.967627838454055311e-01,-6.344210042497160806e+00,-1.142425270231366445e-03
5.000000000000000000e+00,-1.687384109312053937e+01,3.244658526475963356e+01,5.621855190247508106e-03,2.769620210543862981e+00,-5.742141869138524868e+00,-5.621855190247508106e-03
6.000000000000000000e+00,-3.465211173835632508e+01,3.210184207552097657e+00,7.218830684832957569e-03,6.356481652005384397e+00,2.056367879300602386e+00,-7.218830684832957569e-03
7.000000000000000000e+00,2.598825873445923307e+01,1.867077620093604295e+01,2.498587102060034933e-03,-4.344653095914922325e+00,-5.697693087455187211e+00,-2.498587102060034933e-03
8.000000000000000000e+00,3.633585656767712280e+00,3.822901691272925007e+01,9.760727479777691826e-03,6.454109792131610401e-01,-6.216501770306205543e+00,-9.760727479777691826e-03
9.000000000000000000e+00,3.070688482235179606e+01,2.533620028349753994e+01,6.655876341856692933e-04,-4.768110693747320106e+00,-4.428192278588426234e+00,-6.655876341856692933e-04
1.000000000000000000e+01,-1.037828715554982040e+01,3.193457872757770843e+01,4.147579717296330168e-03,-4.484614229330389223e-01,-7.091556790627578266e+00,-4.147579717296330168e-03
1.100000000000000000e+01,-1.005816702910586180e+01,-3.492205437568911464e+01,3.451098175225292275e-03,-6.866398898608423451e-01,6.532809386078366920e+00,-3.451098175225292275e-03
1.200000000000000000e+01,2.812868303982167362e+01,-1.908399837780522645e+01,7.566849889391676250e-03,-6.328692799751443943e+00,1.727205081572614320e+00,-7.566849889391676250e-03
1.300000000000000000e+01,3.141643926413052412e+01,-2.009616274894791843e+01,4.256729610317307004e-03,-6.378075978943461344e+00,7.974114097886481067e-01,-4.256729610317307004e-03
1.400000000000000000e+01,-2.983621237517632352e+01,-1.309425125798262357e+01,5.888477935688873205e-03,6.844899541133870002e+00,2.636014763157519536e-02,-5.888477935688873205e-03
1.500000000000000000e+01,-1.862816003662805642e+01,2.658902614398798292e+01,9.454637600148181262e-03,6.166763315147687052e+00,-3.295595142682679501e+00,-9.454637600148181262e-03
1.600000000000000000e+01,2.914935463087628520e+01,2.166737693272436616e+01,1.322343405220813848e-03,-5.017269351826256774e+00,-3.913284582243887755e+00,-1.322343405220813848e-03
1.700000000000000000e+01,3.811048226596138733e+01,-7.177068163356159936e+00,6.751817798859087623e-03,-5.859251129810624903e+00,-1.720560880559438344e+00,-6.751817798859087623e-03
1.800000000000000000e+01,-2.993402836695797120e+01,4.836512746830570642e+00,1.560059578569097504e-03,6.480725690515867221e+00,-3.175446005171351338e+00,-1.560059578569097504e-03
1.900000000000000000e+01,-3.936987374688258967e+01,6.410169081205610020e+00,4.208742441108370876e-03,6.195834362702695941e+00,-9.788479813809142227e-01,-4.208742441108370876e-03
2.000000000000000000e+01,2.068559931693265952e+01,2.564724617600927914e+01,6.330146483825819723e-03,-5.195224915072452099e+00,-3.985949780963828459e+00,-6.330146483825819723e-03
2.100000000000000000e+01,-3.282816573754222134e+01,1.376007395419025237e+01,4.452652138333258562e-03,5.764187951352693240e+00,-2.519656251774660571e+00,-4.452652138333258562e-03
2.200000000000000000e+01,1.338260056444095092e+01,3.316771770503874706e+01,9.574690979282944950e-03,-4.456035987105432916e+00,-4.432029875858363610e+00,-9.574690979282944950e-03
2.300000000000000000e+01,2.725712592674518575e+01,-1.483303770015392686e+01,8.000438760275462718e-03,-6.629345129289512251e+00,3.224854966076928786e+00,-8.000438760275462718e-03
2.400000000000000000e+01,-1.670296233407460562e+01,-2.896922514905201140e+01,5.437466598841655258e-03,4.773802816452243469e+00,4.664660730681974954e+00,-5.437466598841655258e-03
2.500000000000000000e+01,-3.120989493183236618e+01,-2.302088955575960227e+01,4.417940340615243884e-03,4.819631614535654585e+00,4.414965667285767559e+00,-4.417940340615243884e-03
2.600000000000000000e+01,-9.024711407114713424e+00,3.606212119850029296e+01,4.001498230204632300e-03,3.281154001275339294e+00,-5.396726260230821914e+00,-4.001498230204632300e-03
2.700000000000000000e+01,2.908482727484171093e+01,2.034181546231317128e+01,2.467088435659570131e-05,-4.534938480932162008e+00,-4.416102677461312354e+00,-2.467088435659570131e-05
2.800000000000000000e+01,3.188875313209548423e+01,-1.559224551922885560e+01,1.916695657452179881e-03,-6.734170155982381445e+00,1.228637186603298792e+00,-1.916695657452179881e-03
2.900000000000000000e+01,-1.866493952436088932e+01,3.175553937349527089e+01,1.271862295301488029e-03,3.675097768712808133e+00,-5.290560140744466011e+00,-1.271862295301488029e-03
3.000000000000000000e+01,-3.825061765051817719e+00,-3.746759254979657783e+01,7.433812484303033152e-03,1.021388952918197424e+00,6.694523173595729126e+00,-7.433812484303033152e-03
3.100000000000000000e+01,-3.416572338507037188e+01,5.782158814762399679e+00,1.936609918684121341e-03,6.666476780396529911e+00,2.146648464014653812e-01,-1.936609918684121341e-03
3.200000000000000000e+01,-2.082066014441960533e+01,-2.970368164680540701e+01,2.325703292955161251e-04,2.628664302353902915e+00,5.856156157963717135e+00,-2.325703292955161251e-04
3.300000000000000000e+01,-3.025739716003905500e+01,-4.372903843496009024e+00,4.270275808981848116e-03,6.436308283075401704e+00,2.653495678446053496e+00,-4.270275808981848116e-03
3.400000000000000000e+01,3.430529858770321994e+01,1.544173479500678781e+01,7.543217700917093094e-03,-4.027147468117531659e+00,-4.650607525609516735e+00,-7.543217700917093094e-03
3.500000000000000000e+01,-1.778853455028324149e+01,-2.456167425948428118e+01,2.296902035594977892e-03,1.463943077770579748e+00,7.386312898253267534e+00,-2.296902035594977892e-03
3.600000000000000000e+01,-2.550083951531447468e+01,-1.840914002132172200e+01,5.282934365048706955e-03,3.880450729958127010e+00,6.143882706229772062e+00,-5.282934365048706955e-03
3.700000000000000000e+01,-3.366294980589374575e+01,-2.351049818113146284e+00,7.740406255287302605e-03,6.520075950565174416e+00,1.387890770438025889e+00,-7.740406255287302605e-03
3.800000000000000000e+01,1.476687080020196596e+01,-2.963410552315858126e+01,1.526951978279589305e-04,-3.949146075996905925e+00,5.417146532459069519e+00,-1.526951978279589305e-04
3.900000000000000000e+01,-3.240940717902650903e+01,1.677870755741840014e+01,3.875383431879187183e-04,4.061959164121232035e+00,-5.101227761236039271e+00,-3.875383431879187183e-04
4.000000000000000000e+01,-1.030281871762977275e+01,-3.331557940872733070e+01,5.221678101537730043e-03,2.124277194883747111e+00,6.366594044084734172e+00,-5.221678101537730043e-03
4.100000000000000000e+01,-1.039299174301279649e+01,-3.830396766566668987e+01,5.950378822145135915e-03,7.367111925660895233e-01,6.492846005384078190e+00,-5.950378822145135915e-03
4.200000000000000000e+01,-2.236416520963238241e+01,-2.332499309030484014e+01,9.927761897825317788e-03,5.605530537062799468e+00,4.023830915560920651e+00,-9.927761897825317788e-03
4.300000000000000000e+01,2.996952354431810406e+01,-5.843280688336399464e+00,6.681994208453392696e-03,-6.695294477801359001e+00,-1.772252918227191332e+00,-6.681994208453392696e-03
4.400000000000000000e+01,2.868822371357327938e+01,-1.713087614632714661e+01,3.579855145818602261e-03,-6.842222119270516600e+00,1.281015959174755803e-01,-3.579855145818602261e-03
4.500000000000000000e+01,-2.319191291914071229e+01,2.619117135108047378e+01,3.102947191390328496e-03,2.567520826874554185e+00,-5.992617159434352025e+00,-3.102947191390328496e-03
4.600000000000000000e+01,-2.815495715408956201e+01,2.352025026396680474e+01,2.259918609590776378e-03,4.085979612152319973e+00,-4.964166247899384210e+00,-2.259918609590776378e-03
4.700000000000000000e+01,-2.422938814035411426e+01,2.618039239372840044e+01,4.847506678264524096e-03,4.132570156476047529e+00,-5.229001298069016812e+00,-4.847506678264524096e-03
4.800000000000000000e+01,-2.257428753394670906e+01,2.731623070031016454e+01,8.027554396550205112e-03,1.541407415805862824e+00,-6.392410688064649626e+00,-8.027554396550205112e-03
4.900000000000000000e+01,1.761175988145945226e+01,-3.495797218465661871e+01,4.352341484174611884e-03,-2.727269034266567305e-01,6.452525996156766475e+00,-4.352341484174611884e-03
5.000000000000000000e+01,3.225469418987642456e+01,2.252361724981274094e+01,1.861718294536463144e-04,-4.156131279866281503e+00,-4.713184638338498544e+00,-1.861718294536463144e-04
5.100000000000000000e+01,3.613925042243100449e+01,-8.538437848001317221e+00,7.696819029539945720e-03,-6.361373066441870172e+00,2.179871184220335767e+00,-7.696819029539945720e-03
5.200000000000000000e+01,-3.199324528239598564e+01,9.000935937874759318e+00,7.457598115691922366e-03,5.834035186252494398e+00,-3.285048967308088486e+00,-7.457598115691922366e-03
5.300000000000000000e+01,-9.242442416801758043e+00,-3.476906181505975724e+01,8.513724783455802261e-03,8.372551914189816369e-01,6.336754432995330255e+00,-8.513724783455802261e-03
5.400000000000000000e+01,-1.908136884490096818e+01,-2.336578977437641669e+01,7.873740687141528305e-04,4.648351084160866620e+00,5.384252868344924003e+00,-7.873740687141528305e-04
5.500000000000000000e+01,3.238299066642821344e+01,6.982001116977055055e+00,9.313247559669394354e-03,-6.003060711691619034e+00,-3.634569525664465672e+00,-9.313247559669394354e-03
5.600000000000000000e+01,1.839651704785349295e+01,2.909482263152042236e+01,4.423601392350842015e-03,-5.445635104296868256e+00,-4.128990541952805238e+00,-4.423601392350842015e-03
5.700000000000000000e+01,2.875178620156393094e+01,-1.696885639218705677e+01,3.189688984272574020e-03,-3.620475256972469857e+00,5.424647909876929575e+00,-3.189688984272574020e-03
5.800000000000000000e+01,3.615860969648522882e+01,1.305471201792547831e+01,4.474186208398117995e-03,-5.075728374231407436e+00,-3.395323871027320806e+00,-4.474186208398117995e-03
5.900000000000000000e+01,3.020701967308016478e+01,1.833757956836554825e+01,9.084910750633647114e-03,-6.009444009561442535e+00,-3.354397315299012305e+00,-9.084910750633647114e-03
6.000000000000000000e+01,-2.569928852638429362e+01,2.568692204348597841e+01,4.657535425108416541e-04,3.624363025218528822e+00,-5.267688968000238781e+00,-4.657535425108416541e-04
6.100000000000000000e+01,1.364548120357910577e+01,3.740661232636300326e+01,7.108590133014735211e-03,1.425565438317484557e-01,-6.234530716390413119e+00,-7.108590133014735211e-03
6.200000000000000000e+01,1.076078383430459340e+01,-2.920053117648227925e+01,4.003222951161200657e-04,-4.414445464926837204e+00,6.008353486241649222e+00,-4.003222951161200657e-04
6.300000000000000000e+01,7.775982074426471158e+00,3.169235835308649030e+01,4.093398425434068011e-03,-1.233738592996244998e+00,-7.016576577796577396e+00,-4.093398425434068011e-03
6.400000000000000000e+01,1.053020245569727109e+01,3.847687155168328843e+01,3.769525076610713565e-03,-9.425249719571131557e-01,-6.476267761716207438e+00,-3.769525076610713565e-03
6.500000000000000000e+01,-2.628484095251897301e+01,-2.913336960727112057e+01,5.546508189959204090e-03,4.947125668684645206e+00,4.424578311168192002e+00,-5.546508189959204090e-03
6.600000000000000000e+01,3.474173726398282724e+01,-2.085021033463394957e+00,4.433168717487823412e-04,-6.004021510391496008e+00,2.307643892405172092e+00,-4.433168717487823412e-04
6.700000000000000000e+01,-4.188716672570254040e+00,3.443871515498672409e+01,1.784141609835675603e-03,3.581771229538849299e-01,-6.375711031104307480e+00,-1.784141609835675603e-03
6.800000000000000000e+01,-2.368364873802708548e+00,-3.410241995823543704e+01,1.172002798132598753e-03,8.270139416955918366e-02,7.121335347988707376e+00,-1.172002798132598753e-03
6.900000000000000000e+01,-2.451297578405177546e+01,-2.317688614490485932e+01,7.478836657417842378e-03,4.125786046009197072e+00,5.245620638542184189e+00,-7.478836657417842378e-03
7.000000000000000000e+01,-1.323559572758769143e+01,-3.380775048901707436e+01,6.807622193562247112e-03,4.519741974412200491e+00,4.380493024370970545e+00,-6.807622193562247112e-03
7.100000000000000000e+01,-2.332465046549998178e+01,2.189796611824731798e+01,6.855814137901151441e-03,5.720898464164679176e+00,-4.528852421000942208e+00,-6.855814137901151441e-03
7.200000000000000000e+01,-3.160183850359559088e+01,-1.645104997906460298e+01,5.734609109187083741e-03,5.483576291686605764e+00,4.304726790265966940e+00,-5.734609109187083741e-03
7.300000000000000000e+01,-3.134996800008876150e+01,4.854051667019551708e+00,2.419475824368552078e-03,6.783235485431839962e+00,7.792528664187999832e-01,-2.419475824368552078e-03
7.400000000000000000e+01,2.431495505472288432e+00,-3.494128953077672151e+01,2.446383465332929632e-03,9.674417926718925642e-02,7.007000968630332949e+00,-2.446383465332929632e-03
7.500000000000000000e+01,2.928588250171853957e+01,-1.709500957215781369e+01,5.118198574527214884e-03,-5.395171941106392310e+00,4.670666926925052032e+00,-5.118198574527214884e-03
7.600000000000000000e+01,-2.779814235025733637e+01,-1.588498993176005314e+01,5.102402896007563089e-03,5.583343966554403792e+00,3.726173355549183608e+00,-5.102402896007563089e-03
7.700000000000000000e+01,-3.177310121075581151e+01,-8.080685310725812087e+00,7.835820764899175533e-03,7.263660778813014751e+00,1.570601773470355622e-01,-7.835820764899175533e-03
7.800000000000000000e+01,2.865627891034872921e+00,-3.404767652248272469e+01,1.471206439066282757e-03,5.015928690169146886e-02,6.881156556125294088e+00,-1.471206439066282757e-03
7.900000000000000000e+01,1.436966174735067092e+01,3.690220067785593727e+01,9.602772304270979159e-04,6.028495732360095172e-01,-6.069303575513359306e+00,-9.602772304270979159e-04
8.000000000000000000e+01,-1.987633893850684785e+01,-2.428677349197379343e+01,8.899017126656623075e-03,3.867011774735030105e+00,6.021199823660555950e+00,-8.899017126656623075e-03
8.100000000000000000e+01,-3.002622995611837098e+01,1.442343245233469240e+01,4.746551511986813951e-03,6.729710206554003982e+00,3.890061633393469553e-01,-4.746551511986813951e-03
8.200000000000000000e+01,4.365825115756390318e+00,3.320127010801233070e+01,2.928347689720235333e-03,1.709763187237300697e+00,-6.426219806108387722e+00,-2.928347689720235333e-03
8.300000000000000000e+01,-2.741182125358803745e+01,1.360950270022437358e+01,2.545991677691208325e-03,7.439441067801043417e+00,-6.401397405093038895e-01,-2.545991677691208325e-03
8.400000000000000000e+01,3.158544616838343444e+01,-3.183853906338311113e+00,6.580183882510845517e-03,-6.437823421528094947e+00,-2.115059077980240954e+00,-6.580183882510845517e-03
8.500000000000000000e+01,-2.526835680077455493e+01,2.082502791722209778e+01,5.678961811277614263e-03,5.212889059351118348e+00,-4.537305418074772945e+00,-5.678961811277614263e-03
8.600000000000000000e+01,2.908530552985161677e+01,-1.702567699517620881e+01,9.320396951737698957e-03,-4.554607097481548905e+00,5.215452823484823419e+00,-9.320396951737698957e-03
8.700000000000000000e+01,3.536046730210880895e+01,-5.903396956986548538e+00,4.478964974847652464e-03,-6.376550970267724772e+00,1.205751358228806636e+00,-4.478964974847652464e-03
8.800000000000000000e+01,2.383421070047339541e+01,-2.542861043038288216e+01,6.001332562043176604e-03,-4.226317313678495502e+00,5.470607877312630762e+00,-6.001332562043176604e-03
8.900000000000000000e+01,-1.068374058456373099e+01,3.297646379645140513e+01,2.782121219214416397e-03,4.426127168239004206e+00,-5.087547972542341590e+00,-2.782121219214416397e-03
9.000000000000000000e+01,3.142386838434210716e+01,1.318729304432181415e+01,7.847464546067994817e-04,-6.894921031104161990e+00,-6.509999353666240385e-01,-7.847464546067994817e-04
9.100000000000000000e+01,-1.002687086393024707e+01,3.276377968057661150e+01,7.367126363603691309e-03,3.908690978792051407e+00,-5.670839022251694672e+00,-7.367126363603691309e-03
9.200000000000000000e+01,-2.485855832629803253e+00,3.986696017295258088e+01,8.437036059525775122e-03,-2.567460365334906514e-01,-6.158998379550957303e+00,-8.437036059525775122e-03
9.300000000000000000e+01,3.066335106289733758e+01,-1.013174972203463575e+01,2.798834106437597929e-03,-6.736010801470726506e+00,2.228618402197985571e+00,-2.798834106437597929e-03
9.400000000000000000e+01,-2.735010204370167131e+01,2.411754723453541160e+01,4.830637441150880187e-03,6.147117253598391784e+00,-1.709680740301453117e+00,-4.830637441150880187e-03
9.500000000000000000e+01,-1.593274561172250259e+01,3.321378099822431551e+01,3.989992233320488295e-03,3.565324177868600675e+00,-5.640315389031780313e+00,-3.989992233320488295e-03
9.600000000000000000e+01,3.560417797465444067e+00,-3.497083152136944761e+01,1.137710063242258776e-05,-3.726670333795597756e+00,5.611647232708460997e+00,-1.137710063242258776e-05
9.700000000000000000e+01,7.410832306370288336e+00,3.005500835489599254e+01,9.019904442573068934e-03,-3.077221845801088485e+00,-6.116143539659871564e+00,-9.019904442573068934e-03
9.800000000000000000e+01,-2.166222269845986759e+01,-2.459083328356907572e+01,5.264335688897966645e-03,6.378970391902614168e+00,2.363737443551236161e+00,-5.264335688897966645e-03
9.900000000000000000e+01,1.481655817810298181e+01,2.964420999878887031e+01,8.387354153257758557e-03,-3.079137378203879560e+00,-5.824800122303749994e+00,-8.387354153257758557e-03
1.000000000000000000e+02,-3.019999143150300824e+01,-8.674750268896090688e+00,3.895739786521351580e-03,6.615203789130106315e+00,2.487790909799176831e+00,-3.895739786521351580e-03
1.010000000000000000e+02,-1.913214524251246829e+01,2.797988131190379590e+01,5.996178597426130713e-03,5.804634760699395990e+00,-3.205081376327060916e+00,-5.996178597426130713e-03
1.020000000000000000e+02,-3.226267494506983979e+01,-1.353319255515764397e+01,7.026784678243409681e-03,6.542578419798013023e+00,2.597275626600886511e+00,-7.026784678243409681e-03
1.030000000000000000e+02,-2.983306877713581784e+01,2.162457209752112419e+01,9.505115872944938302e-03,4.123947057250227921e+00,-5.457031894153450580e+00,-9.505115872944938302e-03
1.040000000000000000e+02,-3.050941201105187162e+01,8.994326530024578048e+00,5.409003640329673734e-03,7.188762118768016407e+00,-4.290275339663262438e-02,-5.409003640329673734e-03
1.050000000000000000e+02,-3.449589296376486658e+01,-1.205628143535810892e+01,7.353908954157636728e-03,6.588215088324251845e+00,-4.354841130204649691e-01,-7.353908954157636728e-03
1.060000000000000000e+02,6.152598286277132233e-01,3.970455377822099052e+01,3.706466591853947636e-03,7.480806267828282730e-01,-6.062066896477496414e+00,-3.706466591853947636e-03
1.070000000000000000e+02,-3.380710404451472328e+01,1.636642329723123268e+01,1.773862453611544342e-03,5.825763508683730940e+00,-2.960807496787768667e+00,-1.773862453611544342e-03
1.080000000000000000e+02,-3.908962278698155046e+01,-8.225769548237815698e+00,5.738727633384919924e-03,6.322407871238863386e+00,1.429422207705727033e+00,-5.738727633384919924e-03
1.090000000000000000e+02,1.812076381358748378e+01,-3.302345402448776213e+01,2.105148075048504132e-03,-4.808517852515159063e+00,4.744046373684130735e+00,-2.105148075048504132e-03
1.100000000000000000e+02,3.528519228355600745e+01,-1.655341017485897481e+01,6.566831340920979351e-03,-6.456809106886649552e+00,4.354773686207235039e-01,-6.566831340920979351e-03
1.110000000000000000e+02,-3.472121497607258078e+01,-1.275467346478755637e+01,9.119352734778393352e-03,4.981330571568528320e+00,3.789638574033132645e+00,-9.119352734778393352e-03
1.120000000000000000e+02,-3.368367887471720223e+01,-9.504067481935636330e-01,5.784437093162247794e-03,6.458477717595731527e+00,2.477891882508795440e+00,-5.784437093162247794e-03
1.130000000000000000e+02,-1.781495758468113522e+01,2.904377200055200703e+01,2.234219904069723126e-03,2.907195906929592510e+00,-6.117369501953007216e+00,-2.234219904069723126e-03
1.140000000000000000e+02,4.892897423196267859e+00,-3.006443818902159748e+01,2.506792529045138735e-03,2.428256460328427124e+00,6.724719517485731934e+00,-2.506792529045138735e-03
1.150000000000000000e+02,-2.276493740198415949e+01,-2.041175433641581094e+01,8.394085340000596168e-03,5.154689221138025523e+00,4.552571784395937904e+00,-8.394085340000596168e-03
1.160000000000000000e+02,3.295894017375427154e+01,1.333071878636171803e+01,9.374812955209629872e-03,-6.735538695246716223e+00,6.494145942028652918e-01,-9.374812955209629872e-03
1.170000000000000000e+02,-1.577360603155242291e+00,3.540631397891099397e+01,1.329295666940775262e-03,3.223231383592457533e-01,-6.859302715708599507e+00,-1.329295666940775262e-03
1.180000000000000000e+02,-3.669996720309211469e+01,1.219511842504150856e+01,2.189966889745010963e-03,4.943175476264643819e+00,-3.510761353495062576e+00,-2.189966889745010963e-03
1.190000000000000000e+02,1.173254877976166810e+01,-3.791041998832322690e+01,9.953552331203995712e-04,-2.149951838481111377e+00,5.673242514961831517e+00,-9.953552331203995712e-04
1.200000000000000000e+02,3.598737827125028588e+01,1.040439241019546479e+01,1.349121614668935651e-05,-6.060346557899740638e+00,1.299360454183992486e+00,-1.349121614668935651e-05
1.210000000000000000e+02,-1.553622282204539573e+01,3.353300859223585206e+01,9.450770648689321707e-03,-1.613149991847195042e-01,-6.217496594768408436e+00,-9.450770648689321707e-03
1.220000000000000000e+02,-2.350161871743274400e+00,3.562754142385177403e+01,4.389835797599210554e-03,3.247701724002670431e+00,-5.511540257952890265e+00,-4.389835797599210554e-03
1.230000000000000000e+02,-1.783380152068151148e+01,-3.056140569930465034e+01,5.073756422232811878e-04,4.789624722247761035e+00,4.750291748304052319e+00,-5.073756422232811878e-04
1.240000000000000000e+02,2.751652937587307335e+01,2.434746132491215320e+01,8.147886571728525651e-03,-6.150062013161856633e+00,-1.613611759895117848e+00,-8.147886571728525651e-03
1.250000000000000000e+02,3.556513943912711539e+01,4.924568288958977469e+00,4.895490560380323479e-03,-6.557398876306890223e+00,-1.183763448444147826e-01,-4.895490560380323479e-03
1.260000000000000000e+02,3.449122001020112549e+01,-1.968365189714770835e+01,9.135587190560630344e-03,-5.429500840344164025e+00,3.421029212127302266e+00,-9.135587190560630344e-03
1.270000000000000000e+02,1.020667280685023393e+01,-3.858851480848341708e+01,5.457585971521390286e-03,-3.436135996172909657e+00,5.353992921884653811e+00,-5.457585971521390286e-03
1.280000000000000000e+02,2.663797639790550420e+01,1.734506584692884701e+01,2.422751692391898054e-03,-5.189834055047984229e+00,-4.646615333023468075e+00,-2.422751692391898054e-03
1.290000000000000000e+02,-6.678380927040029391e+00,-3.509027368237615718e+01,3.430915777552800017e-03,2.206728685243005028e+00,6.195547349674920490e+00,-3.430915777552800017e-03
1.300000000000000000e+02,-7.700257683984132129e+00,-3.668943346467943911e+01,5.771082105100318500e-03,2.595230080411106144e+00,5.852197547623839036e+00,-5.771082105100318500e-03
1.310000000000000000e+02,-2.646968142653988210e+01,-2.662774697909501498e+01,3.921592944125005392e-03,2.878926198267628411e+00,5.951476845331900911e+00,-3.921592944125005392e-03
1.320000000000000000e+02,-3.862543144279188567e+01,-2.066256689106814370e+00,7.571900435353904300e-03,6.602315478194296539e+00,-7.899958656875017970e-01,-7.571900435353904300e-03
1.330000000000000000e+02,2.168336202249791000e+01,2.827157813783705720e+01,8.510101887031596563e-03,-1.308081952073526955e+00,-6.163419077688202741e+00,-8.510101887031596563e-03
1.340000000000000000e+02,2.933231831821456481e+01,-1.729788886120783786e+01,7.959899984548487323e-03,-5.589334262870625736e+00,3.757439265309843623e+00,-7.959899984548487323e-03
1.350000000000000000e+02,-2.269536777499141778e+01,-2.930705163435299454e+01,2.621587741066742135e-03,4.319636564541871060e+00,4.898323079453303031e+00,-2.621587741066742135e-03
1.360000000000000000e+02,-2.647719375401289543e-01,-3.324716781393875920e+01,3.313845709303471151e-03,-2.246596764491219922e+00,6.129468651957311387e+00,-3.313845709303471151e-03
1.370000000000000000e+02,3.176554044145565214e+01,1.496141852751473955e+01,9.958150172468994629e-03,-6.825049168905925612e+00,-7.393601065148749374e-01,-9.958150172468994629e-03
1.380000000000000000e+02,-1.957768462613860905e+01,-2.873895390009248274e+01,8.441192736689671211e-03,4.632914667964696420e+00,5.278678210819688132e+00,-8.441192736689671211e-03
1.390000000000000000e+02,-2.098579124123562778e+01,-2.580759473509600710e+01,1.617941731192451549e-03,5.612028165226679022e+00,4.468989961907596786e+00,-1.617941731192451549e-03
1.400000000000000000e+02,3.512138966347454527e+01,-1.864547296372729335e+01,2.602968844249137388e-03,-6.466839061405555533e+00,1.231431806080118263e-01,-2.602968844249137388e-03
1.410000000000000000e+02,2.963951116594266821e+01,1.338852894570222674e+01,1.141830512959927067e-03,-6.162354763100437616e+00,-3.304436512427853412e+00,-1.141830512959927067e-03
1.420000000000000000e+02,-3.061049674508675622e+01,1.921814763475170196e+01,3.430634632060678649e-03,6.237935264056670093e+00,-1.056594623300973090e+00,-3.430634632060678649e-03
1.430000000000000000e+02,-3.097084082145730832e+00,-3.179164050864854474e+01,9.762040588832293295e-03,3.909629351668794328e+00,6.109364209552100355e+00,-9.762040588832293295e-03
1.440000000000000000e+02,3.304820696641314015e+01,9.530758900831033387e+00,6.368243380403981367e-05,-6.530309854286363347e+00,1.292388222431161693e-01,-6.368243380403981367e-05
1.450000000000000000e+02,3.070701045442063659e+01,2.490351467178688694e+01,8.182009294773447475e-03,-6.263343475803501370e+00,-1.048892284365362082e+00,-8.182009294773447475e-03
1.460000000000000000e+02,3.787182694849438747e+01,6.136996473161353549e+00,1.795720609760090942e-03,-5.748339457189128865e+00,-3.487734827786294289e+00,-1.795720609760090942e-03
1.470000000000000000e+02,-3.843891677766318082e+01,-1.027290682852301806e+01,3.548155525992826437e-03,5.806853745100576170e+00,2.330407960840363835e+00,-3.548155525992826437e-03
1.480000000000000000e+02,-1.498451454236347180e+00,-3.175867823005080126e+01,9.136251453472639394e-03,-3.833434615470013296e-01,7.131397897369534000e+00,-9.136251453472639394e-03
1.490000000000000000e+02,-3.272610542363145214e+01,-2.063010795052260349e+01,8.795894222408392332e-03,4.926302552950725833e+00,4.267557499873784188e+00,-8.795894222408392332e-03
1.500000000000000000e+02,-4.239431097278027138e+00,3.325752618195856769e+01,4.441787944500384146e-03,2.816945459034386534e+00,-6.429027513958901707e+00,-4.441787944500384146e-03
1.510000000000000000e+02,1.660500540678961912e+01,2.977452181962276612e+01,5.717131082582477611e-03,-4.417386011580476612e+00,-5.430439136760769614e+00,-5.717131082582477611e-03
1.520000000000000000e+02,2.516720534535247822e+01,1.687998664417219175e+01,3.570804736023895816e-03,-7.486158005006605443e+00,-6.847141852799653039e-01,-3.570804736023895816e-03
1.530000000000000000e+02,2.878142872853934620e+01,2.137093073460706094e+01,9.069805661026506330e-03,-4.520281886518056957e+00,-4.739596621866057902e+00,-9.069805661026506330e-03
1.540000000000000000e+02,6.628396467296815864e+00,-3.373867987497982313e+01,1.725847332005703283e-03,-4.291275779500414167e+00,5.371561996066938072e+00,-1.725847332005703283e-03
1.550000000000000000e+02,-1.431316834274909766e+01,-3.514987639186048085e+01,1.387431025385157468e-03,-3.798557521025964223e-01,6.662321886375739410e+00,-1.387431025385157468e-03
1.560000000000000000e+02,-2.794854164827064125e+01,-2.010522804647325756e+01,5.620829164941403347e-03,3.894433300234305673e+00,5.610684804161729211e+00,-5.620829164941403347e-03
1.570000000000000000e+02,-3.852354677206958655e+01,-5.670808165137525059e+00,5.768689621434275588e-04,5.465994826968822551e+00,2.749831224977619559e+00,-5.768689621434275588e-04
1.580000000000000000e+02,1.019923934580797997e+01,-3.336584213504641383e+01,3.072112484124798083e-03,-2.234942164676108900e-01,6.623814613004161522e+00,-3.072112484124798083e-03
1.590000000000000000e+02,1.410593275653822509e+01,-3.058741416188759032e+01,5.788250234517768045e-03,-4.713488673435409559e+00,4.467895687253607306e+00,-5.788250234517768045e-03
1.600000000000000000e+02,1.482945235197128220e+01,-2.817471119548799763e+01,3.812200293819012470e-06,-5.649903171416188030e+00,4.312014617535957939e+00,-3.812200293819012470e-06
1.610000000000000000e+02,-1.623227579862496484e+01,-2.755987428126211469e+01,5.605699357118409075e-03,1.015234418393683891e+00,6.639865575213081961e+00,-5.605699357118409075e-03
1.620000000000000000e+02,2.755823452033112630e+01,-2.851823349631771620e+01,6.719300330093875943e-03,-4.795356541244675697e+00,4.084364243880517442e+00,-6.719300330093875943e-03
1.630000000000000000e+02,2.952920189577177013e+01,-1.395067139865535566e+01,4.503356940850021181e-03,-6.169713408024747991e+00,2.756005392301139167e+00,-4.503356940850021181e-03
1.640000000000000000e+02,-3.205480183453250476e+01,2.602493396571951223e+00,4.674087628503047730e-03,5.935308485526757494e+00,-3.553188285234424537e+00,-4.674087628503047730e-03
1.650000000000000000e+02,1.506361178129855105e+01,3.528265363011892930e+01,7.961063901464175002e-03,-2.727506870554018192e+00,-6.110821946266186799e+00,-7.961063901464175002e-03
1.660000000000000000e+02,-1.043359708368319971e+01,-3.372036330992757058e+01,1.740770179945606583e-03,3.962929552689732571e+00,5.170970524988610428e+00,-1.740770179945606583e-03
1.670000000000000000e+02,3.050717035277711631e+01,-2.022452740485449141e+01,3.254498777748832117e-03,-2.823535902568438782e+00,5.571334721384785027e+00,-3.254498777748832117e-03
1.680000000000000000e+02,1.323199068104293197e+01,-2.826717034994591771e+01,6.263424895513030992e-03,-2.570215898357576023e+00,6.345352429267206773e+00,-6.263424895513030992e-03
1.690000000000000000e+02,2.558781964042987056e+01,2.685250072300105018e+01,9.704787883676830804e-03,-5.541898748591076895e+00,-3.335907995777879442e+00,-9.704787883676830804e-03
1.700000000000000000e+02,3.457115596108513955e+01,1.365703578119177486e+01,7.040185037199343018e-04,-5.280006313269157481e+00,-4.168974007403432935e+00,-7.040185037199343018e-04
1.710000000000000000e+02,1.933773864496198769e+01,2.661024662553574771e+01,8.846065244331157915e-03,-3.790062907147966342e+00,-6.196165125083927805e+00,-8.846065244331157915e-03
1.720000000000000000e+02,-6.593717206125848662e+00,3.613883409314679085e+01,6.084413455114645293e-04,-1.546092201224031903e-01,-6.764852379169497887e+00,-6.084413455114645293e-04
1.730000000000000000e+02,-3.307898259145704856e+01,7.310338942672750306e+00,1.480773943150786101e-03,5.480265544270412015e+00,-3.790635876199779819e+00,-1.480773943150786101e-03
1.740000000000000000e+02,1.771428421550874788e+01,-3.290979541007247633e+01,8.929079025993501978e-03,-4.040419476556722511e-01,6.302084898161520066e+00,-8.929079025993501978e-03
1.750000000000000000e+02,2.420598867851665048e+01,2.591255864588947233e+01,4.919626418277451597e-03,-5.105992542085396657e+00,-4.431575706616565746e+00,-4.919626418277451597e-03
1.760000000000000000e+02,-3.224831317028144895e+01,5.313619262146913158e+00,5.611481428930884495e-03,7.021008444022518447e+00,-1.428244367025557127e+00,-5.611481428930884495e-03
1.770000000000000000e+02,-7.547608856801840460e+00,3.277259326674776219e+01,8.141726448300195748e-03,3.516883846294648563e+00,-5.642505316669496729e+00,-8.141726448300195748e-03
1.780000000000000000e+02,3.622063880407779379e+01,8.297601373029186433e+00,6.044870026543600582e-03,-6.381702478275178336e+00,8.579837489417300178e-01,-6.044870026543600582e-03
1.790000000000000000e+02,-2.912678808531416763e+01,1.555326857307828625e+01,6.431368603307598998e-03,4.980998067815610497e+00,-4.665649158431921961e+00,-6.431368603307598998e-03
1.800000000000000000e+02,-4.394463790824299387e+00,-3.190870049609490167e+01,5.642440898650738328e-03,-1.236861841559516506e+00,6.902838853731248392e+00,-5.642440898650738328e-03
1.810000000000000000e+02,-1.396969004254534674e+01,3.381241536531896941e+01,9.279506318944918952e-04,1.444887812657338344e-01,-6.295826000267422451e+00,-9.279506318944918952e-04
1.820000000000000000e+02,7.399631943569443315e+00,-3.030288325879509159e+01,6.088481975053804812e-03,1.205038726713250297e+00,7.137553460187296750e+00,-6.088481975053804812e-03
1.830000000000000000e+02,-3.573699884433631979e+01,-2.119825766357668506e+00,5.931416922116400717e-03,6.055088978029506741e+00,3.404630433212439744e+00,-5.931416922116400717e-03
1.840000000000000000e+02,-3.452104253944455081e+01,1.515249221511002808e+01,9.004638483293958811e-04,6.550106938783311961e+00,-9.755250439398918116e-01,-9.004638483293958811e-04
1.850000000000000000e+02,3.107685313675893823e+01,2.074494916606990458e+01,1.923393622627924716e-03,-5.889072948347184422e+00,-3.105761729382906289e+00,-1.923393622627924716e-03
1.860000000000000000e+02,3.836238356461165466e+01,3.569732939459063781e-01,2.272454867965065847e-03,-5.652563162570674926e+00,2.372821408449984126e+00,-2.272454867965065847e-03
1.870000000000000000e+02,-1.356122071880809976e+01,-2.884748609478776515e+01,1.839309814750085233e-03,5.266243080249948250e+00,4.835027373407232432e+00,-1.839309814750085233e-03
1.880000000000000000e+02,1.995684443106094719e+01,-2.682290700060589472e+01,3.778863318805311070e-03,-8.779044643368183465e-01,6.885275452389701734e+00,-3.778863318805311070e-03
1.890000000000000000e+02,-6.677066911747741251e+00,-3.349347135636585193e+01,5.065265930887748180e-03,3.576198971460905263e+00,6.118226999995407311e+00,-5.065265930887748180e-03
1.900000000000000000e+02,-3.692394015279505481e+01,-9.296735165225541664e+00,1.543410911248070975e-03,5.014996984857730489e+00,3.978845059648540960e+00,-1.543410911248070975e-03
1.910000000000000000e+02,7.883181181480370725e+00,-2.966317250506432046e+01,8.218246148093421872e-04,-3.858697493348738128e+00,5.981819520774327437e+00,-8.218246148093421872e-04
1.920000000000000000e+02,-3.167661138778515451e+01,7.248002685653417210e+00,6.139274663039947719e-03,6.608863305653172482e+00,-1.062695320712527591e+00,-6.139274663039947719e-03
1.930000000000000000e+02,1.770005435538557492e+01,2.513992289550303738e+01,7.882325095010779548e-03,-1.782083155856454715e+00,-6.629240356701318504e+00,-7.882325095010779548e-03
1.940000000000000000e+02,-1.017113794576861530e+01,3.514529210045036933e+01,3.025548443690115764e-03,8.908657998341741324e-01,-6.221820605178019825e+00,-3.025548443690115764e-03
1.950000000000000000e+02,1.461573759099517744e+01,2.853758128581479170e+01,2.157736507289502881e-03,-1.345420072400004052e+00,-6.537669360170077937e+00,-2.157736507289502881e-03
1.960000000000000000e+02,-3.282526111835250671e+00,3.736605168178571290e+01,6.844156912345519123e-03,3.746606451643816449e+00,-5.566200544331453948e+00,-6.844156912345519123e-03
1.970000000000000000e+02,1.871639889940952628e+01,-3.369689122594487429e+01,3.116028004806098515e-03,-2.325176736613192574e+00,5.601917799694721367e+00,-3.116028004806098515e-03
1.980000000000000000e+02,-2.831410895698164154e+01,-1.388226106096704449e+01,9.427452713536212114e-03,6.761234140533603387e+00,1.112734430543288022e+00,-9.427452713536212114e-03
1.990000000000000000e+02,2.043800170669905469e+01,2.255020661940003990e+01,8.447024196131863380e-03,-5.891053650403654807e+00,-3.619171964398794294e+00,-8.447024196131863380e-03
